{"cameraMode":{"drawMode":0,"name":"Shaded","section":"Shading Mode"},"sceneLighting":true,"audioPlay":false,"sceneViewState":{"showFog":true,"showMaterialUpdate":false,"showSkybox":true,"showFlares":true,"showImageEffects":true,"showParticleSystems":true,"showVisualEffectGraphs":true,"m_FxEnabled":true},"in2DMode":false,"pivot":{"x":17.087289810180665,"y":0.4682044982910156,"z":-11.874049186706543},"rotation":{"x":-0.31403449177742007,"y":0.5391790270805359,"z":-0.22638531029224397,"w":-0.7479569911956787},"size":107.62791442871094,"orthographic":false}